comment,username,timestamp
?? ? ???? ???? ?????,@user-hi9nm5ng7d,08-06-2024 14:42:17
?? ?? ????? ?????????? ????? ???? ? ??? ???? ???????????,@??-c5b,08-03-2024 14:42:17
???? ?? ??? ?? ??,@user-gn7ko1bh6m,08-03-2024 14:42:17
??? ??? ????,@Qgays2,08-03-2024 14:42:17
????,@user-pg8gg4li5o,08-03-2024 14:42:17
????? ???????.??? ?? ?? ???????,@user-gi1mj5uc1u,08-03-2024 14:42:17
"???????, ???, ??, ???? ?????~??????? ????~~",@jaesung5911,08-03-2024 14:42:17
?????? ??? ?????? ????? ??? ? ????,@user-fh4uj6hy6g,08-03-2024 14:42:17
??? ???? ???? ?????,@memory7523,08-03-2024 14:42:17
"???? ?? ??? ??? ???, ???",@eunggyoonshin1978,08-03-2024 14:42:17
??? ??? ??.. ???? ?? ????,@hellochoding4338,08-03-2024 14:42:17
??? ??? ????? ???. ???? ?? ???? ??? ??? ??? ???,@redtissue6956,08-03-2024 14:42:17
?? ??? ?????? ??? ??? ????? ?? ???? ??? ??? ???,@user-ie5eo3oi2t,08-03-2024 14:42:17
??? ????????. .???? ????? ?????? ??????.,@user-vm6ne5vt2x,08-03-2024 14:42:17
??? ?? ?????? ??? ? ???.,@hundertfugen1234,08-03-2024 14:42:17
"?????
?? ?? ??",@user-si9fl4dl4m,08-03-2024 14:42:17
??? ?? ??? ???,@BTSkorea777,08-03-2024 14:42:17
???? ? ???? ??? ???? ???? ???? ?? ??? ?? ??  ?? ?? ?? ?? ???.. ??? ??? ???? ??? ?? ??? ?? ???? ??? ? ???? ?? ??? ???..,@user-vq6ho7jc2j,08-03-2024 14:42:17
? ??? ??? ?? ???? ????,@user-be1tk6ue1d,08-03-2024 14:42:17
? ??? ???.......,@user-zu9dq1vh7q,08-03-2024 14:42:17
???? ????? ???? ?????.,@JT-eg4mk,08-03-2024 14:42:17
????,@allfood4795,08-03-2024 14:42:17
???? ???? ?.,@marcoswon9987,08-03-2024 14:42:17
"????? ?? ?? ??? ???? ??????? ?? ???? “??? ??? ? ??? ? ?? ??? ??”?? ?????, ??? ????? ???? ?? ?. ??? ? ??? ????? ???? ??? ??? ?? ??. ???? ?? ???? ???, ????? ?? ?? ????? ???? ????. ?? ??? ??, ?????? ?? ??? ? ?????. ??? ??? ???? ????? ???? ?? ?? ???? ?????? ?????. 

??
????
?????? ?? 
?? ???? ???-!",@user-cp2wm8ej2z,08-03-2024 14:42:17
????. ??? ??? ??????,@user-hx4pq6nj5l,08-03-2024 14:42:17
??? ?? ?,@dldlckdtn,08-03-2024 14:42:17
???? 60 ??? ???????? ?? ?? ???.,@user-fc7lj7ig8d,08-03-2024 14:42:17
???? ??? ????,@user-rb2ip1us9p,08-03-2024 14:42:17
??? ???. ???.????? ????? ????? ?? ????? ?? ????? ?????,@young-my4zu,08-03-2024 14:42:17
?? 7.62x54mm ?? 20?? ???? ??? ????? ?????,@user-yjbc5e7f9b74,08-03-2024 14:42:17
?...?.....?...?? ????,@user-ri7im4op5b,08-03-2024 14:42:17
"???? ???!?
???!!!",@user-qp8yw6nu4f,08-03-2024 14:42:17
"??   ??? ?? ?? 9????? ? ??,??????? ?? ?? ??.",@michaelkim3641,08-03-2024 14:42:17
3?? ?? ????? 5?? ??? ??,@user-ke6vp9rp5q,08-03-2024 14:42:17
"1981? ????? ??? ??? ???? ???.
?? ??? ???? ???? ?????, 
???? ??? ?? ??. ?? ????",@mohanchoi4194,08-03-2024 14:42:17
???? ???? ?? ??? ????? ??? ?? 1000?? ????...,@alexkim837,08-03-2024 14:42:17
"????? ??? ????? ??? ?? ????? ????? ?? ??? ???. 
?? ????? ??? ???? ?? ????? ?? ???.
?? ??? ??? ???, ????? ??? FBI? ??? ??? ?? ??? ??? ? ??? ?? ??? 20? ???? ??? ???? ????? ??? ??? ?? ??.
? ?? ???? ??? ??? ?? ????? ??? ?? ??? ?? ???? ???? ??? ???  SNS??? ????? ??? ? ??.
??? ???
???? ? ???? ??? ??? ??? ??.",@davidkim3305,08-03-2024 14:42:17
????? ?? ???? ??? ??? ??? ??? ??,@tanbts,08-03-2024 14:42:17
???? ?????,@user-ru3ww1xg2w,08-03-2024 14:42:17
"?? ?? ??? ??!
??? ?? ??? ???? ?? ??? ??? ?? ?? ??? ??  ????!
??? ??!",@user-ko9dq9px4m,08-03-2024 14:42:17
?????? ?? ????.???   ???,@seabase5908,08-03-2024 14:42:17
?? ???? ???? ???? ?? ?? ??? ???? ?? ?????,@user-qd6nq6op1g,08-03-2024 14:42:17
"?~
?~
?~
?/? ?? ?~",@Jeleetube,08-03-2024 14:42:17
????? ? ??? ??.,@user-dh1tm9ml1m,08-03-2024 14:42:17
"??? ????? ???? ??
????????
?? ??????!!! ?????!!!
?? ?????? ?? ????
??????? ???",@user-he9wr7jy3w,08-03-2024 14:42:17
? ?? ??? ???????,@spacedesign4491,08-03-2024 14:42:17
?? ??,@retireby40_lalala,08-03-2024 14:42:17
???? ??????,@skyblue6546,08-03-2024 14:42:17
"?? ?? ? ?? ?? ????? ?? ????? ??? ?. 
?? ??? ??? ???? ??",@PS-tq1ky,08-03-2024 14:42:17
"???? ??? ??, ?????? ?? ??? ??? ?? ??? ??? ???. ???? ? ???.",@dalsonchi5167,08-03-2024 14:42:17
????? ??? ??? ??? ????,@user-yv1vj3fy2j,08-03-2024 14:42:17
??? ??? ? ??? ?? ???,@chrissya7782,09-03-2024 14:42:17
??? ???? ????? ?? ?? ???????. ?? ??? ??? ? ????,@Bang_I28,09-03-2024 14:42:17
??? ??? ???? ????? ???? ????,@user-uu3ve9vf9h,09-03-2024 14:42:17
3cm? ??? ..,@user-uu3ve9vf9h,09-03-2024 14:42:17
"??????..??? ???..
???? ?????",@B2STISBEST,09-03-2024 14:42:17
"??? ???? ?? ?? ?? ??? ?? ???? ??? 
?? ????? ????? ??? ??? ?? , ???? ???? ??? ?????? ?? ?~?~?? ?? ??",@wangellen6544,09-03-2024 14:42:17
"?? ?? ???? ???? ??? ???. ?? 4?? ???? ??? ????? ? ??? ? ???? ???? ?? ??? ? ???.
? ??? ??? ?? ???? ?? ??? ??? ?? ?? ??? ????.",@kadurahtutorials,09-03-2024 14:42:17
?? ?? ???? ????. ?? ??? ??? ???? ??? ??? ? ????.,@dajaba,09-03-2024 14:42:17
? ???? ??? ? ??? ??? .. ????? ?? ?? ?? ?? ? ???? ?? ?? ???? ????  ????.... ? ? ????? ???? ???? ? ?????? ??? ??? ???? ?? ????? ??? ?? ???..,@user-ux3nd9tg2o,09-03-2024 14:42:17
?? ? ???? ???? ?????,@user-hi9nm5ng7d,08-06-2024 14:42:17
?? ?? ????? ?????????? ????? ???? ? ??? ???? ???????????,@??-c5b,08-03-2024 14:42:17
???? ?? ??? ?? ??,@user-gn7ko1bh6m,08-03-2024 14:42:17
??? ??? ????,@Qgays2,08-03-2024 14:42:17
????,@user-pg8gg4li5o,08-03-2024 14:42:17
????? ???????.??? ?? ?? ???????,@user-gi1mj5uc1u,08-03-2024 14:42:17
"???????, ???, ??, ???? ?????~??????? ????~~",@jaesung5911,08-03-2024 14:42:17
?????? ??? ?????? ????? ??? ? ????,@user-fh4uj6hy6g,08-03-2024 14:42:17
??? ???? ???? ?????,@memory7523,08-03-2024 14:42:17
"???? ?? ??? ??? ???, ???",@eunggyoonshin1978,08-03-2024 14:42:17
??? ??? ??.. ???? ?? ????,@hellochoding4338,08-03-2024 14:42:17
??? ??? ????? ???. ???? ?? ???? ??? ??? ??? ???,@redtissue6956,08-03-2024 14:42:17
?? ??? ?????? ??? ??? ????? ?? ???? ??? ??? ???,@user-ie5eo3oi2t,08-03-2024 14:42:17
??? ????????. .???? ????? ?????? ??????.,@user-vm6ne5vt2x,08-03-2024 14:42:17
??? ?? ?????? ??? ? ???.,@hundertfugen1234,08-03-2024 14:42:17
"?????
?? ?? ??",@user-si9fl4dl4m,08-03-2024 14:42:17
??? ?? ??? ???,@BTSkorea777,08-03-2024 14:42:17
???? ? ???? ??? ???? ???? ???? ?? ??? ?? ??  ?? ?? ?? ?? ???.. ??? ??? ???? ??? ?? ??? ?? ???? ??? ? ???? ?? ??? ???..,@user-vq6ho7jc2j,08-03-2024 14:42:17
? ??? ??? ?? ???? ????,@user-be1tk6ue1d,08-03-2024 14:42:17
? ??? ???.......,@user-zu9dq1vh7q,08-03-2024 14:42:17
???? ????? ???? ?????.,@JT-eg4mk,08-03-2024 14:42:17
????,@allfood4795,08-03-2024 14:42:17
???? ???? ?.,@marcoswon9987,08-03-2024 14:42:17
"????? ?? ?? ??? ???? ??????? ?? ???? “??? ??? ? ??? ? ?? ??? ??”?? ?????, ??? ????? ???? ?? ?. ??? ? ??? ????? ???? ??? ??? ?? ??. ???? ?? ???? ???, ????? ?? ?? ????? ???? ????. ?? ??? ??, ?????? ?? ??? ? ?????. ??? ??? ???? ????? ???? ?? ?? ???? ?????? ?????. 

??
????
?????? ?? 
?? ???? ???-!",@user-cp2wm8ej2z,08-03-2024 14:42:17
????. ??? ??? ??????,@user-hx4pq6nj5l,08-03-2024 14:42:17
??? ?? ?,@dldlckdtn,08-03-2024 14:42:17
???? 60 ??? ???????? ?? ?? ???.,@user-fc7lj7ig8d,08-03-2024 14:42:17
???? ??? ????,@user-rb2ip1us9p,08-03-2024 14:42:17
??? ???. ???.????? ????? ????? ?? ????? ?? ????? ?????,@young-my4zu,08-03-2024 14:42:17
?? 7.62x54mm ?? 20?? ???? ??? ????? ?????,@user-yjbc5e7f9b74,08-03-2024 14:42:17
?...?.....?...?? ????,@user-ri7im4op5b,08-03-2024 14:42:17
"???? ???!?
???!!!",@user-qp8yw6nu4f,08-03-2024 14:42:17
"??   ??? ?? ?? 9????? ? ??,??????? ?? ?? ??.",@michaelkim3641,08-03-2024 14:42:17
3?? ?? ????? 5?? ??? ??,@user-ke6vp9rp5q,08-03-2024 14:42:17
"1981? ????? ??? ??? ???? ???.
?? ??? ???? ???? ?????, 
???? ??? ?? ??. ?? ????",@mohanchoi4194,08-03-2024 14:42:17
???? ???? ?? ??? ????? ??? ?? 1000?? ????...,@alexkim837,08-03-2024 14:42:17
"????? ??? ????? ??? ?? ????? ????? ?? ??? ???. 
?? ????? ??? ???? ?? ????? ?? ???.
?? ??? ??? ???, ????? ??? FBI? ??? ??? ?? ??? ??? ? ??? ?? ??? 20? ???? ??? ???? ????? ??? ??? ?? ??.
? ?? ???? ??? ??? ?? ????? ??? ?? ??? ?? ???? ???? ??? ???  SNS??? ????? ??? ? ??.
??? ???
???? ? ???? ??? ??? ??? ??.",@davidkim3305,08-03-2024 14:42:17
????? ?? ???? ??? ??? ??? ??? ??,@tanbts,08-03-2024 14:42:17
???? ?????,@user-ru3ww1xg2w,08-03-2024 14:42:17
"?? ?? ??? ??!
??? ?? ??? ???? ?? ??? ??? ?? ?? ??? ??  ????!
??? ??!",@user-ko9dq9px4m,08-03-2024 14:42:17
?????? ?? ????.???   ???,@seabase5908,08-03-2024 14:42:17
?? ???? ???? ???? ?? ?? ??? ???? ?? ?????,@user-qd6nq6op1g,08-03-2024 14:42:17
"?~
?~
?~
?/? ?? ?~",@Jeleetube,08-03-2024 14:42:17
????? ? ??? ??.,@user-dh1tm9ml1m,08-03-2024 14:42:17
"??? ????? ???? ??
????????
?? ??????!!! ?????!!!
?? ?????? ?? ????
??????? ???",@user-he9wr7jy3w,08-03-2024 14:42:17
? ?? ??? ???????,@spacedesign4491,08-03-2024 14:42:17
?? ??,@retireby40_lalala,08-03-2024 14:42:17
???? ??????,@skyblue6546,08-03-2024 14:42:17
"?? ?? ? ?? ?? ????? ?? ????? ??? ?. 
?? ??? ??? ???? ??",@PS-tq1ky,08-03-2024 14:42:17
"???? ??? ??, ?????? ?? ??? ??? ?? ??? ??? ???. ???? ? ???.",@dalsonchi5167,08-03-2024 14:42:17
????? ??? ??? ??? ????,@user-yv1vj3fy2j,08-03-2024 14:42:17
??? ??? ? ??? ?? ???,@chrissya7782,09-03-2024 14:42:17
??? ???? ????? ?? ?? ???????. ?? ??? ??? ? ????,@Bang_I28,09-03-2024 14:42:17
??? ??? ???? ????? ???? ????,@user-uu3ve9vf9h,09-03-2024 14:42:17
3cm? ??? ..,@user-uu3ve9vf9h,09-03-2024 14:42:17
"??????..??? ???..
???? ?????",@B2STISBEST,09-03-2024 14:42:17
"??? ???? ?? ?? ?? ??? ?? ???? ??? 
?? ????? ????? ??? ??? ?? , ???? ???? ??? ?????? ?? ?~?~?? ?? ??",@wangellen6544,09-03-2024 14:42:17
"?? ?? ???? ???? ??? ???. ?? 4?? ???? ??? ????? ? ??? ? ???? ???? ?? ??? ? ???.
? ??? ??? ?? ???? ?? ??? ??? ?? ?? ??? ????.",@kadurahtutorials,09-03-2024 14:42:17
?? ?? ???? ????. ?? ??? ??? ???? ??? ??? ? ????.,@dajaba,09-03-2024 14:42:17
? ???? ??? ? ??? ??? .. ????? ?? ?? ?? ?? ? ???? ?? ?? ???? ????  ????.... ? ? ????? ???? ???? ? ?????? ??? ??? ???? ?? ????? ??? ?? ???..,@user-ux3nd9tg2o,09-03-2024 14:42:17
??? ???,@user-mi3py5hg6l,08-06-2024 14:53:59
"?? ?? ??? ??? ????? ????? ? ??? ?? ?? ??? ?? ???? ???.
???? ? ???? ?? ???? ?? ? ????. ??? ??????.",@nuisinjiyo,08-03-2024 14:53:59
"??? ?? ??? ? ? ?? ??...
?? ??? ? ? ?.
???? ?  ??? ??...
????",@user-dh1tm9ml1m,08-03-2024 14:53:59
??? ???? ?? ????? ? 20? ???? ??? ????????? ?????,@kennygo5053,08-03-2024 14:53:59
"?? ?? ?? ????. ??? ????.
? ???? ???? ??? ??? ?? ??? ????! ??? ???? ??? ????!

? ???? ?? ?? ???? ???? ???? ?? ?? ?? ???? ? ? ?? ??? ?? ???? ??? ??? ??? ?? ???? ??? ??? ??? ??? ?? ???? ?? ???? ?? ?? ??? ?? ???? ????!

? ??? ??? ???? ??? ?? ???? ????? ? ?? ? ?? ????? ???? ?? ??? ???? ??? ???? ???? ???? ?? ??? ??? ?? ??? ?? ???? ?? ?? ??? ?? ?? ???? ????.

?? ??? ??? ???? ?? ??? ???? ???? ?? ? ???. ???? ???? ??? ???? ??? ????? ?? ??? ??? ??? ?? ??? ?? ???? ?? ??? ???? ???.

()? ??? ??? ???? ???? ????? ?? ??? ??? ??? ? ?? ???? ???? ???? ??? ??? ??? ?? ??? ??? ???? ???? ??? ?? ??? ?? ???.",@dsp6089,08-03-2024 14:53:59
??? ?? ?? ??? ?? ???,@user-et5xd9my2t,08-03-2024 14:53:59
??? ?? ?? ? ?,@joa_jinhye,08-03-2024 14:53:59
???? ???? ??? ????? ???? ??!,@user-hc6ot4sh1m,08-03-2024 14:53:59
?…,@domdom-xq6lo,08-03-2024 14:53:59
??? ??????? ?? ????? ???? ????  ?? ?????????? ??? ??????? ?? ???? ??????...,@smilechoice,08-03-2024 14:53:59
? ????? ??? ????..??? ?????? ??????.,@tvkimboom5470,08-03-2024 14:53:59
??? ????? ?? ???? ?? ???? ??? ?????,@mingeon-fc2il,08-03-2024 14:53:59
????? ???? ??? ? ????? ??,@user-nonamebutexist,08-03-2024 14:53:59
?? ?????? ???? ???? ?? ???? ???,@?????,08-03-2024 14:53:59
"???,
?? ???? ?? ???? 
?? ???? ???? ? ???
????? ?? ??? ????
?? ?? ??.
?? ? ?? ? ?? ???, 
??? ??..!",@user-ff4qb6zf8c,08-03-2024 14:53:59
??? ?? ??????????,@donsako6650,08-03-2024 14:53:59
? ??? ????? ??,@sincen1999,08-03-2024 14:53:59
??? ???? ???? ? ???? ???? ?????,@user-uk9qx5vu9r,08-03-2024 14:53:59
"?? ?????? ?? ?? ??? ??? ?
“??? ??? ??(???)? ??? ???“",@CrownSsando,08-03-2024 14:53:59
?? ??? ???? ?? ??????????? ??? ?????????????? ?? top 1,@ssojxx,08-03-2024 14:53:59
"? ?? ???...??? ?????? ?? ???? ?? ???...
? ?? ? ?? ????? ???? ?? ??? ?? ???? ????? ??? ???? ?? ???? ?? ? ??? ???? ??? ???...
?? ??? ??? ?? ??????..",@user-gj5rn2hc6x,08-03-2024 14:53:59
??? ?? ??? ? ???.,@user-ec9ee5un9u,08-03-2024 14:53:59
???? ? ????.,@seunghwanhong6061,08-03-2024 14:53:59
??? ?????,@user-ux2eb7yg7i,08-03-2024 14:53:59
??????? ?????~?? ???~!????? ???!!,@user-wj2xl7vs4n,08-03-2024 14:53:59
???? ???? ?? make America great again ????,@user-xh4rq2rr7x,08-03-2024 14:53:59
?? ???? ???? ?? ??,@user-jw3bt9zc4r,08-03-2024 14:53:59
"? ??? ???? ? ??? ??? ?????, ???? ?? ????? ???? ??? ?? ???? ???? ??? ??? ???? ??? ???? ???? ?? ???? ??? ???? ?? ??? ? ????? ?? ?????? ?? ???.
??? ?? ??????? ??? ?????? ???? ?? 300m?? ?? ????? ??? ????? ???? ?? ????
????? ??? ??? ????? ?? ?? ???? ?? ??? ??.",@user-wf4qv8op2n,08-03-2024 14:53:59
"?? ???? ????? ?? ???? ? ???? ???? ??? ??? ??? ?? ??? ?? ??? ??
??? ?? ? ??? ? ????? ????????..",@Gamgyull,08-03-2024 14:53:59
??? ?? ??? ? ?? ??? ????.,@sunl7862,08-03-2024 14:53:59
????? ?? ???? ??? ????? ???? ?? ???? ?? ??? ???? ???? ?? ?? ?? ???? ??? ???? ?? ?? ????? ???? ??? ??? ???,@user-tk4je2ku2b,08-03-2024 14:53:59
"??? ??????? ??????? ?? ?? ?? ?? ????
?? ??? ???? ???? ?? ?? ??? ??? ?? ??? 
?? ????.",@user-nr7mx7xf6i,08-03-2024 14:53:59
?? ???? ??? ??? ? ???.,@number49only,08-03-2024 14:53:59
??????? ????,@user-pv6vn3tl6w,08-03-2024 14:53:59
????? ???????,@V1YEN,08-03-2024 14:53:59
"10? ?, 20? ? ??? ????? ? ?? ??..",@kkemllon7225,08-03-2024 14:53:59
? ?? ?? ????? ????? ??? ???? ?????,@gailcha6466,08-03-2024 14:53:59
??? ????,@Max-tq3kh,08-03-2024 14:53:59
?? ???? ??? ??? ????,@user-ci1wn1bg3t,08-03-2024 14:53:59
?? ???? ?? ????? ??? ? ?? ??,@user-yq1et9qu1d,08-03-2024 14:53:59
"?? ??? ?? ??, ???? ???? ??? ?? ? ?? USA? ?? ??, ?? ?? ???? ????? ??? ? ??? ??? ?? ?? ??? ?? ? ??? ? ???. ?? ? ??? ???? ??? ?????? ? ?? ?? ??? ??",@user-xw3pv1wo5q,08-03-2024 14:53:59
??? ?? ??????.,@from_my_perspective,08-03-2024 14:53:59
????? ?????  ? ? ??,@user-lv9tp5id7r,08-03-2024 14:53:59
"???? ??? ???? ??? ?? ??? ?? ??, ?? ??? ???? ??? ??? ?????????.",@user-ju9sv1ck3h,08-03-2024 14:53:59
"???????????? ????????????
??? ???? ???? ??? ??? ??? ??.

??? '??? ?? ???'? ?? ??? ??. ??? ??? ?? ??.?? ????? ??. ????? ???? ??? ????.??? ?? ??? ?? ??? ?? ???? ?? ????? ??. ???? ??? ????? ?3? ??? ??",@Jhon_Jhon-dm3xo,08-03-2024 14:53:59
"????? ?? ???? ? ??? ???? ?? ?? ? ??
?? ??? 100??? ???? ???",@user-vw1mv4ky9c,08-03-2024 14:53:59
???? ?? ???? ?? ??? ??? ???,@user-sl8zd2yn1n,08-03-2024 14:53:59
?? ??? ? ?? ??? ???,@ingukang1796,08-03-2024 14:53:59
??? ?? ????..,@jessepinkman8158,08-03-2024 14:53:59
????,@user-ts2kk6jj8z,08-03-2024 14:53:59
??? ???,@lionroarlion,08-03-2024 14:53:59
????? ????? ?? ???....?? ????? ?? ????.???,@pyeuneu,08-03-2024 14:53:59
"??? ?? 20? ?? ????? ?????, ? ?? ???? ????? ??? ? ???? ?? ??? ??",@jeonneo4146,08-03-2024 14:53:59
???????? ??? ?? ??? ???,@user-hd1ix6yn2x,08-03-2024 14:53:59
??! ? ? ????? ?? ? ?? ??? ?????!,@seth4788,08-03-2024 14:53:59
"??? ?? ???? ??? ?? ????? ?? ????
???, ???, ???

?? ???",@user-sz4dm1yi4i,08-03-2024 14:53:59
??? ??? ? ??,@Na_raola,08-03-2024 14:53:59
"??? ????? ???? ????
????? ??? ?????? ??? ?? ????????",@AensIand,08-03-2024 14:53:59
? ??????? ???? ????????? ??? ???? ??,@user_djsfotifi02,08-03-2024 14:53:59
???? ???? ?? ? ??? ?? ?.... ? ??? ????,@user-tp1ib4sz2i,08-03-2024 14:53:59
???? ?? ????,@user-uh4ye3dv4d,08-03-2024 14:53:59
"??....
?????? ???? ?????",@everycreed,08-03-2024 14:53:59
3? ??? ??????  ??? ? ???? ???? ??? ?????? ??? ??? ??????..,@user-ds6bb7zb1d,08-03-2024 14:53:59
"?? ?? ???? ??? ??? ? ????? ????? ???????? ??? ???? ?? ????! ??? ???? ????? ? ???????  

???? ??? ??? ??? ?????? ?????? ??? ???? ?? ????..",@ksyblue,08-03-2024 14:53:59
"???? ??? ????? ??????
????????????",@whykano5301,08-03-2024 14:53:59
??? ??? ???..... ?? ????,@khlee90,08-03-2024 14:53:59
?? ?? ? ???? ??... ??? ???,@user-pq8yt4ky7r,08-03-2024 14:53:59
????? ????????,@faint0121,08-03-2024 14:53:59
? ??? ??? ?????? ????.?? ???? ?? ????.,@maremi2023,08-03-2024 14:53:59
?? ????? ? ? ?????,@2if,08-03-2024 14:53:59
?? ???? ????,@user-bv9et5xq5f,08-03-2024 14:53:59
???,@neymarjr.5235,08-03-2024 14:53:59
?? ???? ??? ???? ??? ???? ??? ??? ????? ???. ??? ???? ?????. ??? ??? ???.,@TV-sx8dq,08-03-2024 14:53:59
"? ?? ???? ??? ?? ???? ??? ?? fight, fight, fight ? ?????. ?? ????? ?? ?? ?? ???? ?? ????? ??? ???.  ?? ???? ??? ?? ??? ????? ?? ?? ???.",@IAMcommunistkiller,08-03-2024 14:53:59
?? ? ? ??? ??? ??? ??,@user-ty9mf5ty1y,08-03-2024 14:53:59
?? ???? ??? ?? ??????. ???????,@Y2Kmode,08-03-2024 14:53:59
????? ???? ?? ??? ?????,@Sup_0179,08-03-2024 14:53:59
"? ??? ?? ??? ??? 
? ????~?? ???? ???",@yarnysh,08-03-2024 14:53:59
??? ????????????????????,@Sup_0179,08-03-2024 14:53:59
100?? ???? ..,@ultrapassion1,08-03-2024 14:53:59
??? ??? ????.. ???? ???? ??...,@kyungmoonjung4875,08-03-2024 14:53:59
?-?,@TV-rf7zq,08-03-2024 14:53:59
??? ?? ???? ??? ?? ???? ? ? ????,@Lllswe,08-03-2024 14:53:59
"?? ?? ??????? ?? 
?? ??? ?? ??? ?? ??? ???????? ?? ??? ?????? ?? ????.",@almyung,08-03-2024 14:53:59
???? ?? ??? ??????,@sul_lae3279,08-03-2024 14:53:59
?? ?? ???,@Bebp72,08-03-2024 14:53:59
?? ? ??? ??? ??? ??? ??? ???? ???.. ??? ???? ??? ? ???? ????? ? ?? ???? ???? ?? ??? ???..,@????,08-03-2024 14:53:59
"??? , ???? ?? , ??? ????? ????  ???  ?? ??? ??? , ??? ???????  ??? ???? ??? ???? ???? ??? ????? ????, ???? ????? ??? ????? ???? ????? ???? ????? ??????? ????? ???? ??? ???? ?? ????? ??? ???? , ???? , XRP",@user-pq5nh7gj1q,08-03-2024 14:53:59
?? ???? ??? ??,@user-wu6mg1rw4d,08-03-2024 14:53:59
??? ???? ???? ?? ??? ??? ???? ??? ?? ?? ???? ??? ??? ??? ??? ?? ??????,@sepurrji,08-03-2024 14:53:59
????? ? ??? ??? ??? ?? ?? ????,@user-rh8hq7oc6y,08-03-2024 14:53:59
?? ??? ?? ????,@aoki8859,08-03-2024 14:53:59
"??? ????..  ???? ?????
???? ??? ??.. ??",@dh_2080,08-03-2024 14:53:59
???? ??? ??? ???? ????? ???.,@khgfhj8841,09-03-2024 14:53:59
??? ?? ??? ??? ??? ????? ???,@????,09-03-2024 14:53:59
? ?? ? ? ???,@oisomam6271,09-03-2024 14:53:59
????,@user-rv2se1cc2k,09-03-2024 14:53:59
"?? ???? ?????.
??.",@user-ot4hw4fq7j,09-03-2024 14:53:59
?? ?? ???? ????????,@user-ls8hv8ok5o,09-03-2024 14:53:59
???? ????? ???? ?? ???? ????????,@user-uk1yi5ct9d,09-03-2024 14:53:59
